lead,corruption,severity,type_acc,type_conf,type_entropy,loc_iou,router_moisture,router_hydrostatic,router_advection,router_spectral
6,moisture,0.25,0.0,0.9702668190002441,0.10294020920991898,0.07046154141426086,1.9015621433027263e-07,0.9999998211860657,3.633244828040935e-14,1.680930741820852e-11
6,moisture,0.5,0.0,0.9692401885986328,0.10580770671367645,0.04813266918063164,1.9017826957679063e-07,0.9999998211860657,3.422651092123245e-14,1.5959766494488825e-11
6,moisture,1.0,0.0,0.9714688062667847,0.09950834512710571,0.15588656067848206,1.873427066811928e-07,0.9999998211860657,3.8083590643035736e-14,1.7485971004482792e-11
6,moisture,2.0,0.0,0.9735221862792969,0.0934542790055275,0.26233118772506714,1.8118288380719605e-07,0.9999998211860657,3.785693817887764e-14,1.78546188250861e-11
6,hydrostatic,0.25,0.0,0.9699493646621704,0.1037360280752182,0.2149834781885147,1.6357560639335134e-07,0.9999998211860657,3.5576935549039984e-14,1.6218245496579797e-11
6,hydrostatic,0.5,0.0,0.9700669050216675,0.10329955816268921,0.35889893770217896,1.28079022942984e-07,0.9999998807907104,2.930392812628725e-14,1.3337785736977636e-11
6,hydrostatic,1.0,0.0,0.9715375304222107,0.09490966796875,0.42854970693588257,3.5079260385373345e-08,1.0,6.449139453804792e-15,3.1486419374560093e-12
6,hydrostatic,2.0,0.0,0.9452791213989258,0.12998008728027344,0.3654524087905884,2.612254856870777e-09,1.0,3.218110306586194e-16,1.6637545833218803e-13
6,advection,0.25,0.0,0.9699739217758179,0.10376061499118805,0.07688631117343903,1.8864037087951147e-07,0.9999998211860657,3.5404418654606806e-14,1.6440111424986803e-11
6,advection,0.5,0.0,0.9698924422264099,0.10395199805498123,0.07965587079524994,1.8837731374787836e-07,0.9999998211860657,3.38574451135866e-14,1.5951372167588573e-11
6,advection,1.0,0.0,0.9700815677642822,0.10346285253763199,0.08938593417406082,1.8910918697656598e-07,0.9999998211860657,3.5745647571474096e-14,1.659833034906022e-11
6,advection,2.0,0.0,0.969901978969574,0.10393121093511581,0.09571609646081924,1.8578651861389517e-07,0.9999998211860657,3.282700242819743e-14,1.5595229968523583e-11
6,spectral,0.25,0.0,0.9699793457984924,0.10375267267227173,0.07888482511043549,1.8935003254227922e-07,0.9999998211860657,3.5694493557723514e-14,1.653912076737818e-11
6,spectral,0.5,0.0,0.9699773788452148,0.10375842452049255,0.059908006340265274,1.8935847378998005e-07,0.9999998211860657,3.5694493557723514e-14,1.653912076737818e-11
6,spectral,1.0,0.0,0.9699773788452148,0.10375842452049255,0.08594614267349243,1.8935847378998005e-07,0.9999998211860657,3.5694493557723514e-14,1.653912076737818e-11
6,spectral,2.0,0.0,0.9699746966362,0.10376589000225067,0.06890680640935898,1.8936344758913037e-07,0.9999998211860657,3.5694493557723514e-14,1.6545518427557582e-11
6,range_extreme,0.25,1.0,0.9700011610984802,0.10368864238262177,0.08615955710411072,1.891902456918615e-07,0.9999998211860657,3.570070739142457e-14,1.6545518427557582e-11
6,range_extreme,0.5,1.0,0.969985842704773,0.10372303426265717,0.08752463012933731,1.8830169778993877e-07,0.9999998211860657,3.544908778411321e-14,1.644608928208502e-11
6,range_extreme,1.0,1.0,0.9703393578529358,0.10274571180343628,0.12379399687051773,1.8090213416144252e-07,0.9999998211860657,3.35702670631495e-14,1.5707412800991527e-11
6,range_extreme,2.0,1.0,0.9715692400932312,0.09905215352773666,0.16223841905593872,1.5315816881411592e-07,0.9999998211860657,2.6278902421099024e-14,1.27229893287506e-11
24,moisture,0.25,0.0,0.9691826105117798,0.1038527712225914,0.0007482693181373179,1.5983613366188365e-07,0.9999998211860657,2.882578586261696e-16,5.74962657779593e-13
24,moisture,0.5,0.0,0.9687768220901489,0.10496319830417633,0.001593040768057108,1.5930928043417225e-07,0.9999998211860657,2.8201549050270143e-16,5.646698386652105e-13
24,moisture,1.0,0.0,0.9712133407592773,0.09832059592008591,0.0036866848822683096,1.5643661299691303e-07,0.9999998211860657,3.1270682937395455e-16,6.11499186790182e-13
24,moisture,2.0,0.0,0.9657868146896362,0.11295284330844879,0.00512623880058527,1.4086488420161913e-07,0.9999998807907104,2.2685093456554823e-16,4.667684966840058e-13
24,hydrostatic,0.25,0.0,0.9710677266120911,0.09895497560501099,0.008599415421485901,1.3804164211705938e-07,0.9999998807907104,3.00727771796529e-16,5.782438872344031e-13
24,hydrostatic,0.5,0.0,0.9728600978851318,0.09440416097640991,0.1605270504951477,1.113320422518882e-07,0.9999998807907104,2.837218383749452e-16,5.296690820319472e-13
24,hydrostatic,1.0,0.0,0.9796239733695984,0.07439938932657242,0.9255162477493286,3.1050696236434305e-08,1.0,7.692573894206754e-17,1.394075013847612e-13
24,hydrostatic,2.0,0.0,0.9484449625015259,0.11445546895265579,0.8970718383789062,1.6445682593513311e-09,1.0,2.366581516897382e-18,3.4058652708009174e-15
24,advection,0.25,0.0,0.9691359996795654,0.1039675623178482,0.0021054535172879696,1.6106588418551837e-07,0.9999998211860657,2.817561925417232e-16,5.675257356077545e-13
24,advection,0.5,0.0,0.9695966243743896,0.10271294414997101,0.00025879047461785376,1.5931192365314928e-07,0.9999998211860657,2.904633736021422e-16,5.791109779218484e-13
24,advection,1.0,0.0,0.9694353938102722,0.10311144590377808,0.0017709280364215374,1.598496339738631e-07,0.9999998211860657,2.864497079815777e-16,5.735215904620339e-13
24,advection,2.0,0.0,0.9692301750183105,0.10370797663927078,0.0064048017375171185,1.6203225072786154e-07,0.9999998211860657,2.827153779451499e-16,5.693006829843306e-13
24,spectral,0.25,0.0,0.9695178866386414,0.10294228792190552,0.0012140213511884212,1.5953168031046516e-07,0.9999998211860657,2.914370909145702e-16,5.7970316914846e-13
24,spectral,0.5,0.0,0.9695137739181519,0.10295359790325165,0.0010834450367838144,1.5953168031046516e-07,0.9999998211860657,2.914370909145702e-16,5.7970316914846e-13
24,spectral,1.0,0.0,0.9695144891738892,0.10295215249061584,0.002496864181011915,1.5953168031046516e-07,0.9999998211860657,2.914370909145702e-16,5.7970316914846e-13
24,spectral,2.0,0.0,0.9695148468017578,0.1029510498046875,0.0018822158453986049,1.5953168031046516e-07,0.9999998211860657,2.914370909145702e-16,5.7970316914846e-13
24,range_extreme,0.25,1.0,0.9695448279380798,0.1028747409582138,0.0038680140860378742,1.593398906152288e-07,0.9999998211860657,2.9034852122845043e-16,5.791606343813482e-13
24,range_extreme,0.5,1.0,0.9697086811065674,0.10245485603809357,0.0066861556842923164,1.573386754216699e-07,0.9999998211860657,2.8706171575574853e-16,5.720472381377795e-13
24,range_extreme,1.0,1.0,0.9700982570648193,0.10140681266784668,0.021753206849098206,1.5167444189501111e-07,0.9999998211860657,2.793978145885508e-16,5.57584252207366e-13
24,range_extreme,2.0,1.0,0.9720621109008789,0.09586738049983978,0.10867014527320862,1.29069348986377e-07,0.9999998807907104,2.268486581645025e-16,4.603466587961569e-13
72,moisture,0.25,0.0,0.9757716655731201,0.08136704564094543,0.0,1.0602817468452486e-07,0.9999998807907104,7.030695028673823e-19,7.087875564384472e-15
72,moisture,0.5,0.0,0.9753656983375549,0.08252884447574615,0.0,1.0534694183661486e-07,0.9999998807907104,6.886693223785998e-19,6.988201385832796e-15
72,moisture,1.0,0.0,0.9748036861419678,0.08407904207706451,0.0,1.0349853596380854e-07,0.9999998807907104,6.573285863423078e-19,6.723985128046341e-15
72,moisture,2.0,0.0,0.9797149896621704,0.07028171420097351,8.22884903755039e-05,1.0130633398830469e-07,0.9999998807907104,9.35901303159088e-19,9.140361332941362e-15
72,hydrostatic,0.25,0.0,0.9781819581985474,0.07483543455600739,0.00012939958833158016,8.755739600019297e-08,0.9999999403953552,7.28915743383579e-19,7.058173083539579e-15
72,hydrostatic,0.5,0.0,0.9809937477111816,0.06671731173992157,0.007505127228796482,6.500555116417672e-08,1.0,6.307870488224719e-19,5.799957309403098e-15
72,hydrostatic,1.0,0.0,0.9873068332672119,0.04792160540819168,0.8168041706085205,2.295205803193312e-08,1.0,2.2598109045854155e-19,1.977855389640208e-15
72,hydrostatic,2.0,0.0,0.992679238319397,0.029180334880948067,0.9594812393188477,1.4171330775525348e-09,1.0,4.548801493851563e-21,3.0727033369046003e-17
72,advection,0.25,0.0,0.9760609865188599,0.08058437705039978,0.0024409310426563025,1.0638404290830294e-07,0.9999998807907104,7.056940435534365e-19,7.107873588752672e-15
72,advection,0.5,0.0,0.9759585857391357,0.08088189363479614,7.856693991925567e-05,1.0651041293385788e-07,0.9999998807907104,7.069396741583648e-19,7.12082472251619e-15
72,advection,1.0,0.0,0.9754398465156555,0.08221907913684845,0.0,1.0955450591154658e-07,0.9999998807907104,7.052559997203014e-19,7.182332019981062e-15
72,advection,2.0,0.0,0.9760631322860718,0.08040735125541687,0.00045931636122986674,1.0673341677147619e-07,0.9999998807907104,6.987977353890053e-19,7.095250680256215e-15
72,spectral,0.25,0.0,0.9760853052139282,0.0805089920759201,3.591954009607434e-05,1.062503187654329e-07,0.9999998807907104,7.13035168092268e-19,7.154462094917553e-15
72,spectral,0.5,0.0,0.9760852456092834,0.0805094838142395,1.7725467841955833e-05,1.062503187654329e-07,0.9999998807907104,7.13035168092268e-19,7.154462094917553e-15
72,spectral,1.0,0.0,0.9760873317718506,0.08050420880317688,5.9297912230249494e-05,1.062503187654329e-07,0.9999998807907104,7.13035168092268e-19,7.154462094917553e-15
72,spectral,2.0,0.0,0.976087212562561,0.08050477504730225,1.6787536878837273e-05,1.062503187654329e-07,0.9999998807907104,7.13035168092268e-19,7.154462094917553e-15
72,range_extreme,0.25,1.0,0.9761092662811279,0.08044219762086868,2.6709401936386712e-05,1.062239221027994e-07,0.9999998807907104,7.101325913228194e-19,7.141766765104106e-15
72,range_extreme,0.5,1.0,0.9762445092201233,0.08008353412151337,0.0,1.0503723046895175e-07,0.9999998807907104,7.03456416598904e-19,7.071023420382374e-15
72,range_extreme,1.0,1.0,0.9764479398727417,0.07953435927629471,0.00014366203686222434,1.0268301764426724e-07,0.9999998807907104,7.05104056981533e-19,7.0795339839199115e-15
72,range_extreme,2.0,1.0,0.9781019687652588,0.0747881680727005,0.02837177738547325,8.956946828675427e-08,0.9999999403953552,6.397505330364614e-19,6.424034244281122e-15
