run_id,job_type,backbone,family,method,seed,depends_on,status
train_climax_static_physics_loss_s42,train,climax,main,static_physics_loss,42,,planned
train_climax_static_physics_loss_s43,train,climax,main,static_physics_loss,43,,planned
train_climax_static_physics_loss_s44,train,climax,main,static_physics_loss,44,,planned
train_climax_residual_repair_s42,train,climax,main,residual_repair,42,,planned
train_climax_residual_repair_s43,train,climax,main,residual_repair,43,,planned
train_climax_residual_repair_s44,train,climax,main,residual_repair,44,,planned
train_climax_conservefm_full_s42,train,climax,main,conservefm_full,42,,planned
train_climax_conservefm_full_s43,train,climax,main,conservefm_full,43,,planned
train_climax_conservefm_full_s44,train,climax,main,conservefm_full,44,,planned
train_climax_no_corruption_pretrain_s42,train,climax,corruption,no_corruption_pretrain,42,,planned
train_climax_no_corruption_pretrain_s43,train,climax,corruption,no_corruption_pretrain,43,,planned
train_climax_no_corruption_pretrain_s44,train,climax,corruption,no_corruption_pretrain,44,,planned
train_climax_no_moisture_corruption_s42,train,climax,corruption,no_moisture_corruption,42,,planned
train_climax_no_moisture_corruption_s43,train,climax,corruption,no_moisture_corruption,43,,planned
train_climax_no_moisture_corruption_s44,train,climax,corruption,no_moisture_corruption,44,,planned
train_climax_no_hydrostatic_corruption_s42,train,climax,corruption,no_hydrostatic_corruption,42,,planned
train_climax_no_hydrostatic_corruption_s43,train,climax,corruption,no_hydrostatic_corruption,43,,planned
train_climax_no_hydrostatic_corruption_s44,train,climax,corruption,no_hydrostatic_corruption,44,,planned
train_climax_no_advection_corruption_s42,train,climax,corruption,no_advection_corruption,42,,planned
train_climax_no_advection_corruption_s43,train,climax,corruption,no_advection_corruption,43,,planned
train_climax_no_advection_corruption_s44,train,climax,corruption,no_advection_corruption,44,,planned
train_climax_no_spectral_corruption_s42,train,climax,corruption,no_spectral_corruption,42,,planned
train_climax_no_spectral_corruption_s43,train,climax,corruption,no_spectral_corruption,43,,planned
train_climax_no_spectral_corruption_s44,train,climax,corruption,no_spectral_corruption,44,,planned
train_climax_no_range_extreme_corruption_s42,train,climax,corruption,no_range_extreme_corruption,42,,planned
train_climax_no_range_extreme_corruption_s43,train,climax,corruption,no_range_extreme_corruption,43,,planned
train_climax_no_range_extreme_corruption_s44,train,climax,corruption,no_range_extreme_corruption,44,,planned
train_climax_equal_constraint_weights_s42,train,climax,router,equal_constraint_weights,42,,planned
train_climax_equal_constraint_weights_s43,train,climax,router,equal_constraint_weights,43,,planned
train_climax_equal_constraint_weights_s44,train,climax,router,equal_constraint_weights,44,,planned
train_climax_static_learned_weights_s42,train,climax,router,static_learned_weights,42,,planned
train_climax_static_learned_weights_s43,train,climax,router,static_learned_weights,43,,planned
train_climax_static_learned_weights_s44,train,climax,router,static_learned_weights,44,,planned
train_climax_manual_tuned_weights_s42,train,climax,router,manual_tuned_weights,42,,planned
train_climax_manual_tuned_weights_s43,train,climax,router,manual_tuned_weights,43,,planned
train_climax_manual_tuned_weights_s44,train,climax,router,manual_tuned_weights,44,,planned
train_climax_no_localization_head_s42,train,climax,architecture,no_localization_head,42,,planned
train_climax_no_localization_head_s43,train,climax,architecture,no_localization_head,43,,planned
train_climax_no_localization_head_s44,train,climax,architecture,no_localization_head,44,,planned
train_climax_no_constraint_type_head_s42,train,climax,architecture,no_constraint_type_head,42,,planned
train_climax_no_constraint_type_head_s43,train,climax,architecture,no_constraint_type_head,43,,planned
train_climax_no_constraint_type_head_s44,train,climax,architecture,no_constraint_type_head,44,,planned
train_climax_no_minimal_change_s42,train,climax,architecture,no_minimal_change,42,,planned
train_climax_no_minimal_change_s43,train,climax,architecture,no_minimal_change,43,,planned
train_climax_no_minimal_change_s44,train,climax,architecture,no_minimal_change,44,,planned
train_climax_direct_state_prediction_s42,train,climax,architecture,direct_state_prediction,42,,planned
train_climax_direct_state_prediction_s43,train,climax,architecture,direct_state_prediction,43,,planned
train_climax_direct_state_prediction_s44,train,climax,architecture,direct_state_prediction,44,,planned
train_climax_no_moisture_constraint_s42,train,climax,constraint,no_moisture_constraint,42,,planned
train_climax_no_moisture_constraint_s43,train,climax,constraint,no_moisture_constraint,43,,planned
train_climax_no_moisture_constraint_s44,train,climax,constraint,no_moisture_constraint,44,,planned
train_climax_no_hydrostatic_constraint_s42,train,climax,constraint,no_hydrostatic_constraint,42,,planned
train_climax_no_hydrostatic_constraint_s43,train,climax,constraint,no_hydrostatic_constraint,43,,planned
train_climax_no_hydrostatic_constraint_s44,train,climax,constraint,no_hydrostatic_constraint,44,,planned
train_climax_no_advection_constraint_s42,train,climax,constraint,no_advection_constraint,42,,planned
train_climax_no_advection_constraint_s43,train,climax,constraint,no_advection_constraint,43,,planned
train_climax_no_advection_constraint_s44,train,climax,constraint,no_advection_constraint,44,,planned
train_climax_no_spectral_constraint_s42,train,climax,constraint,no_spectral_constraint,42,,planned
train_climax_no_spectral_constraint_s43,train,climax,constraint,no_spectral_constraint,43,,planned
train_climax_no_spectral_constraint_s44,train,climax,constraint,no_spectral_constraint,44,,planned
train_fourcastnet_conservefm_full_s42,train,fourcastnet,backbone_transfer,conservefm_full,42,,planned
train_fourcastnet_conservefm_full_s43,train,fourcastnet,backbone_transfer,conservefm_full,43,,planned
train_fourcastnet_conservefm_full_s44,train,fourcastnet,backbone_transfer,conservefm_full,44,,planned
train_prithvi_wxc_conservefm_full_s42,train,prithvi_wxc,backbone_transfer,conservefm_full,42,,planned
train_prithvi_wxc_conservefm_full_s43,train,prithvi_wxc,backbone_transfer,conservefm_full,43,,planned
train_prithvi_wxc_conservefm_full_s44,train,prithvi_wxc,backbone_transfer,conservefm_full,44,,planned
