model,channel_index,channel,repaired_nrmse,corrupted_input_nrmse,repaired_nmae,corrupted_input_nmae,repaired_acc,corrupted_input_acc,repaired_rmse_phys,corrupted_input_rmse_phys
Direct_State,0,geopotential@50hPa,0.08412073702201915,0.09631578983678052,0.06594104007012148,0.06549237844151089,0.995107713251367,0.9916903078109384,484.3331958450465,554.5473801363646
Direct_State,1,geopotential@100hPa,0.05911358142693006,0.08551474495071947,0.0464764256903263,0.05809290477541791,0.9980519522108471,0.9948948640325953,322.1839995377547,466.07703275439593
Direct_State,2,geopotential@150hPa,0.04933136320939368,0.0752662139250627,0.038429952767364224,0.05054033449968688,0.998616056599312,0.9963839061503911,286.1399729973633,436.5716023032109
Direct_State,3,geopotential@200hPa,0.04887086617818109,0.07322751370980908,0.037168952549394244,0.04907635713442966,0.9985726576978392,0.9966569467734065,284.3045227048537,425.9984531889948
Direct_State,4,geopotential@250hPa,0.05183850342287288,0.06745731504551734,0.037928497186342953,0.04216067119949227,0.9983013314352148,0.9970290644093613,287.46718141538264,374.0803262939706
Direct_State,5,geopotential@300hPa,0.05663291092450054,0.07668689931781723,0.040941056313556635,0.05088165437636484,0.9979198515471055,0.9962341276896498,289.13338132359434,391.51691234357685
Direct_State,6,geopotential@400hPa,0.060024338730620505,0.08015710124647284,0.042759738048959856,0.05314858635561657,0.9976107521699328,0.9958258718333479,249.9477645950149,333.782743289861
Direct_State,7,geopotential@500hPa,0.06508226732104486,0.07689468139511405,0.04702082235271568,0.04889387416698227,0.9972078715951013,0.9960293876980832,218.92622890323855,258.66128040792944
Direct_State,8,geopotential@600hPa,0.07503733794919684,0.08730814023592857,0.05486756534505085,0.05693185410375699,0.9963765336765125,0.9950352200641125,202.79364572670144,235.9563470700435
Direct_State,9,geopotential@700hPa,0.0910114355082699,0.10587057633967213,0.06604328768104092,0.06952943511863195,0.9946618910758072,0.9927435766609791,194.53592094598042,226.29716944334277
Direct_State,10,geopotential@850hPa,0.13054309939210665,0.1531289150726418,0.09138641855508876,0.10047426880072612,0.9884920191139696,0.9845469120450008,191.30402876062973,224.40235221525572
Direct_State,11,geopotential@925hPa,0.15963805242840529,0.1971714276869183,0.11025270601480838,0.1283148441149571,0.9824970287173312,0.9743227526329257,195.15157498083593,241.03473163596195
Direct_State,12,geopotential@1000hPa,0.19185625704434772,0.25546161414615576,0.13276265165792123,0.16757146290280167,0.9742348340357435,0.9569096629991237,204.47586724754606,272.2649570320518
Direct_State,13,temperature@50hPa,0.17474474097887718,0.22625488672298272,0.13205983059464857,0.1685109066219372,0.9680568693150082,0.9504710002757283,1.8050374953815969,2.337114986677084
Direct_State,14,temperature@100hPa,0.1341752570172387,0.1674159782620444,0.1020534722122348,0.1279682585910044,0.9889678222827619,0.9838763706668151,1.6938995367986596,2.113548016029292
Direct_State,15,temperature@150hPa,0.16942373267162847,0.20586609578713527,0.12600271460399287,0.1525003022860281,0.9772714475479058,0.9686892634022696,1.510658000230124,1.8355944644017965
Direct_State,16,temperature@200hPa,0.2295478484320142,0.27752668199718766,0.16403312276958631,0.1980652613340393,0.948327550488253,0.9299616928429041,1.6324047393344867,1.9736010510544184
Direct_State,17,temperature@250hPa,0.18009134945797187,0.1982373336678393,0.1301320904494838,0.13921766445025757,0.9810321219091627,0.9781019243059219,1.5227109903496785,1.6761391606519374
Direct_State,18,temperature@300hPa,0.12739221746190835,0.1516926294178663,0.09369019192144364,0.10857568394322313,0.9915558616884458,0.9882073467552939,1.3608072098970845,1.6203848922514161
Direct_State,19,temperature@400hPa,0.10677140382827814,0.12432397765176759,0.07872510190723396,0.08852628270481809,0.9936827491939285,0.9915533005429676,1.3576485194918502,1.580837712879543
Direct_State,20,temperature@500hPa,0.10655647631976087,0.114502906073399,0.07811318604280157,0.07978488537233915,0.9934629146922043,0.9925079720256275,1.3976535031263237,1.5018832469774148
Direct_State,21,temperature@600hPa,0.10527486430972806,0.11209222365393746,0.07688873132063216,0.07815331462400323,0.9931902103376155,0.9923995690728884,1.4208826640913714,1.5128957814787682
Direct_State,22,temperature@700hPa,0.10060657963630595,0.10778246207542562,0.07355778967013625,0.07433094702705907,0.9932816252220994,0.9924774391499074,1.4990463425180627,1.605967582910687
Direct_State,23,temperature@850hPa,0.11054051845562356,0.13063043647949868,0.08154327653951478,0.09117594807951161,0.9923137938669124,0.9893505913526716,1.7337632411896924,2.048861830635501
Direct_State,24,temperature@925hPa,0.109217745793441,0.1363863755036239,0.07756300238961322,0.09164191855171523,0.9925542112238791,0.9884801557442967,1.766603421163747,2.2060575673362366
Direct_State,25,temperature@1000hPa,0.10505124006231137,0.14367435021368372,0.07475876087941176,0.09756476744483347,0.9932846153661977,0.9869890491209804,1.8140554317549358,2.481010547268164
Direct_State,26,specific_humidity@50hPa,0.09018184000538212,0.25390218623275174,0.056259298735476734,0.21885102478958496,0.9429941429600575,0.574895997878134,9.018183996011628e-08,2.5390218477263497e-07
Direct_State,27,specific_humidity@100hPa,0.27061888170149934,0.441567149398678,0.18353688335647753,0.32849171745160716,0.9085671029899217,0.7553279688637263,2.7061888168716695e-07,4.415671488537653e-07
Direct_State,28,specific_humidity@150hPa,0.46676054061967637,0.5709199993922403,0.2947083908608946,0.3817313445575997,0.9207167781013866,0.8836788296471275,1.7266226176578027e-06,2.1119252810632896e-06
Direct_State,29,specific_humidity@200hPa,0.4741125983975252,0.5445867665905444,0.3021966486466907,0.35377915684126104,0.916462131441608,0.8925786746592568,1.049603557189753e-05,1.205621224463277e-05
Direct_State,30,specific_humidity@250hPa,0.5132157222801689,0.5814423513696981,0.3272328756962566,0.365957550030779,0.9009007074920152,0.8785495581125912,3.713874819094482e-05,4.207595356006935e-05
Direct_State,31,specific_humidity@300hPa,0.5226436233792567,0.6113340122875778,0.33397843169214664,0.3952396757558438,0.8982007202231912,0.867276640720863,8.56776564613317e-05,0.0001002167883497308
Direct_State,32,specific_humidity@400hPa,0.5143094867306489,0.6136490563262608,0.33946985921993694,0.404049399218726,0.9059766550779365,0.8729260264074578,0.0002552168258777821,0.00030451229938656415
Direct_State,33,specific_humidity@500hPa,0.4649833893018187,0.5547745502801459,0.3227944120541192,0.37032920324505164,0.9182456213204543,0.8911514398251346,0.0004915979246237277,0.0005865285158839293
Direct_State,34,specific_humidity@600hPa,0.4081017152321894,0.49624820228722283,0.28828782519273954,0.34378106133201514,0.9311703412652411,0.9055940905208933,0.000709816563387923,0.0008631308785937524
Direct_State,35,specific_humidity@700hPa,0.38171730633420486,0.45759420827871566,0.2749296508059274,0.32489511895510065,0.9383678860579349,0.9168508187082353,0.0009583880218268216,0.0011488942213829815
Direct_State,36,specific_humidity@850hPa,0.29484362523746704,0.34821005273352906,0.21280736973780395,0.2480434783187677,0.9602050392279079,0.9470376643087981,0.0012005739391931177,0.0014178767301263615
Direct_State,37,specific_humidity@925hPa,0.19344068414518417,0.23718349670713204,0.1367603832698311,0.16257486916918662,0.9823646430040817,0.9743545697523717,0.000978160453012031,0.0011993522131312623
Direct_State,38,specific_humidity@1000hPa,0.15330553701288707,0.21820053773531536,0.1094911757670297,0.15200877543885627,0.9887056110021928,0.9778011072896605,0.0009054803740595433,0.001288774740179906
Direct_State,39,u_component_of_wind@50hPa,0.2157962212460033,0.3110267094821888,0.1651445201313617,0.23103019500067737,0.9783565027724284,0.9574561219743354,3.2358581627086402,4.663836604326994
Direct_State,40,u_component_of_wind@100hPa,0.26659730901171763,0.351087879482119,0.20469019233203772,0.2630778958690772,0.9695221359599079,0.9508498023399518,3.5614844015389022,4.690197433653266
Direct_State,41,u_component_of_wind@150hPa,0.26345911291340607,0.326196966527696,0.20186982096588418,0.246578433547588,0.9682891481810106,0.9564272635513985,4.201615462311806,5.202151586597774
Direct_State,42,u_component_of_wind@200hPa,0.2663543715949929,0.30557000681661783,0.20234834163488002,0.23232087810584467,0.9653407576020246,0.9578724362703711,4.692249262631408,5.383094044398434
Direct_State,43,u_component_of_wind@250hPa,0.27809408784541423,0.30780266785837823,0.20911900989829163,0.23185819194248383,0.9583127388920393,0.9534698320502728,4.977788045485959,5.509561423095453
Direct_State,44,u_component_of_wind@300hPa,0.29027997746815587,0.3270424508743959,0.21676286397945485,0.24586239895612333,0.9518512259599029,0.9436387266193448,4.9441231424332575,5.57027105403398
Direct_State,45,u_component_of_wind@400hPa,0.2941032488665378,0.33286219357145747,0.21913913100623697,0.24969262904151093,0.9496856539676777,0.9402753958049893,4.193888036868474,4.746587318691332
Direct_State,46,u_component_of_wind@500hPa,0.29116096338395014,0.32729775576460257,0.21899761464807957,0.24713148725347267,0.9514700684274121,0.9438948124858711,3.4691909498874542,3.8997618669519007
Direct_State,47,u_component_of_wind@600hPa,0.29616022548114757,0.3376775387469562,0.22465327182234354,0.2572117330967956,0.9507569300210148,0.9415295536650312,3.0398823002278132,3.4660290992391847
Direct_State,48,u_component_of_wind@700hPa,0.3108976813458002,0.3582647366435385,0.23607212853130893,0.2729508653814229,0.94706678621147,0.9355076061380821,2.821470517179992,3.2513377887083315
Direct_State,49,u_component_of_wind@850hPa,0.3286366946328642,0.37179030912456645,0.24353007282119243,0.2775157923365121,0.9416337416535966,0.9306840959750868,2.645200119295697,2.992543962770343
Direct_State,50,u_component_of_wind@925hPa,0.32976933211693427,0.37278215501548484,0.2363363551504834,0.27043654341564216,0.9398055288869902,0.9290285648940618,2.567185202928767,2.9020310342730014
Direct_State,51,u_component_of_wind@1000hPa,0.33595874569375106,0.39384110059305066,0.2423842386555738,0.28794401423061416,0.9380327482455517,0.9204138137957225,2.023781257405038,2.3724586625225044
Direct_State,52,v_component_of_wind@50hPa,0.37202337544239467,0.38810471324303586,0.28475661447105804,0.2943452571189026,0.8771424958340261,0.8701588894922998,2.7092594472889604,2.826371730514707
Direct_State,53,v_component_of_wind@100hPa,0.43470622611763854,0.49561086910219715,0.3330722398799876,0.37870397795096417,0.8866662146945273,0.8559942608216767,3.2888683166026516,3.749656145402114
Direct_State,54,v_component_of_wind@150hPa,0.41399518969950466,0.4842540384318178,0.3145985560537727,0.3676032965955935,0.9073476808882225,0.8812213194463083,3.974209872586672,4.648670341251244
Direct_State,55,v_component_of_wind@200hPa,0.38858488997117485,0.44133192279409,0.2910760287312882,0.3324814036387603,0.9159312526783265,0.8992489478415825,4.607515669464765,5.232946062089161
Direct_State,56,v_component_of_wind@250hPa,0.374250903601179,0.41326860646175984,0.27707519025376576,0.3062500230820462,0.9129403679336038,0.903199907194036,4.993497190180275,5.5140965336821575
Direct_State,57,v_component_of_wind@300hPa,0.375991756158285,0.4166959421797817,0.2758792407489378,0.30645023164608903,0.9045161558973397,0.8911886153186399,5.002845801311273,5.5444448353983
Direct_State,58,v_component_of_wind@400hPa,0.386220619402817,0.4196607030275979,0.282120401878843,0.3059998123695975,0.8963175419606421,0.8847992086889338,4.324403070371779,4.698822161710992
Direct_State,59,v_component_of_wind@500hPa,0.3849558686918044,0.4188358439652399,0.2830303308740301,0.30847385106007846,0.8980713651275699,0.887858693958347,3.525683557395254,3.8359790727476235
Direct_State,60,v_component_of_wind@600hPa,0.39275202553709454,0.43425823015705056,0.29126657934551037,0.3234509989465709,0.8952185837643618,0.8809379993974137,3.052627877342312,3.375230949402149
Direct_State,61,v_component_of_wind@700hPa,0.40900191551636367,0.4564278007807573,0.3037009393327478,0.3405127230458074,0.8874871031277235,0.8697796920576616,2.7874253110744074,3.1106416985736143
Direct_State,62,v_component_of_wind@850hPa,0.4302277538846503,0.4707538644258845,0.31306065302571,0.3432286367228608,0.8756935555580543,0.8609502589914683,2.655023272462044,2.905118135810006
Direct_State,63,v_component_of_wind@925hPa,0.41771798701277124,0.458681993279549,0.29341107621727164,0.3244309607564377,0.8864774393032379,0.8728659492605062,2.6562430657350395,2.9167306813218405
Direct_State,64,v_component_of_wind@1000hPa,0.40290602895692734,0.4632974258016519,0.2873595524071645,0.3355836279845308,0.8993217301585689,0.8753360969762664,2.097665145681296,2.412083188172152
Direct_State,65,2m_temperature,0.10429419090943148,0.1351518795024349,0.07249763336895071,0.08514267656389297,0.992551913004083,0.9869592688359543,2.2312648570019387,2.891432747318192
Direct_State,66,10m_u_component_of_wind,0.33410887604659517,0.3765682988977163,0.2405576571314734,0.27224009837923197,0.9374534144438399,0.9260964016330236,1.8149357015134742,2.0455824444633577
Direct_State,67,10m_v_component_of_wind,0.39816934410399124,0.4433864731772899,0.2856311538066822,0.3193581979349381,0.898675689037923,0.8832657984257595,1.8596308560744128,2.070815285930578
Direct_State,68,mean_sea_level_pressure,0.1985713705248205,0.20670895154543426,0.13566509368070392,0.1460010331657044,0.9714716822662456,0.9720088210141188,262.7537738849861,273.5215869469204
Direct_State,69,surface_pressure,0.06988788997578481,0.15548424931390822,0.05483348908720806,0.09306573828901314,0.9955406804997013,0.9763735054181385,670.8790369023769,1492.549326631627
Direct_State,70,total_precipitation_6hr,0.8722530085310974,1.001475992774391,0.33302130756950843,0.42568044873450905,0.6729420169896976,0.5767959985961942,0.0014549935844390869,0.0016705487239103626
No_Pretrain,0,geopotential@50hPa,0.08161685128223255,0.09627667592197224,0.050165725679335686,0.0654894953496779,0.9932746317113078,0.9916962357841151,469.91683339842405,554.3221779679293
No_Pretrain,1,geopotential@100hPa,0.07775207654258824,0.08551138974667923,0.05162353997180084,0.058091667777490134,0.995567293839462,0.9948954244908916,423.76852213339316,466.05874739708764
No_Pretrain,2,geopotential@150hPa,0.06997311616667273,0.07526433316894779,0.04645695959092755,0.050541737177878944,0.9967512258802939,0.9963855767840267,405.86970036065117,436.56069146160735
No_Pretrain,3,geopotential@200hPa,0.0682527878792008,0.07325615201220617,0.04505806976743773,0.049080091071544936,0.9969610891969065,0.9966520214190923,397.05816112280553,426.16505456312973
No_Pretrain,4,geopotential@250hPa,0.06275660033584991,0.06741811306024507,0.03803694811104968,0.04215508012865755,0.9971776079279665,0.9970342093992594,348.01280483886086,373.862931883278
No_Pretrain,5,geopotential@300hPa,0.07169436795839622,0.07668335160246934,0.04729703241012251,0.05088173166792819,0.9966185990117323,0.996235862936311,366.02806971460126,391.4988001107639
No_Pretrain,6,geopotential@400hPa,0.07492300745948052,0.08023588945535809,0.04961670791916596,0.05315870228430583,0.9962681202739749,0.9958127541416585,311.9874140791242,334.11082661808143
No_Pretrain,7,geopotential@500hPa,0.07000591875468364,0.07675409185627176,0.04395384578960395,0.04887687182632962,0.9964674239170983,0.9960535995491581,235.4885962144926,258.1883598993421
No_Pretrain,8,geopotential@600hPa,0.07915002369328532,0.08730613781161839,0.05090989212494738,0.05692850959294279,0.9956567543666781,0.995030363031761,213.90846542555997,235.9509355242515
No_Pretrain,9,geopotential@700hPa,0.09563925316040209,0.10576180295963625,0.062007298104671045,0.06951385398839115,0.993778353967235,0.99276329185933,204.4278280273987,226.06466779313146
No_Pretrain,10,geopotential@850hPa,0.13853776191652117,0.15313133787055572,0.09016358823192058,0.10047455910184562,0.9868101087342525,0.9845444667537159,203.01978352877907,224.40590279618766
No_Pretrain,11,geopotential@925hPa,0.1770068563673628,0.19713146697151956,0.11397891463957473,0.12830798303221028,0.9779440243577413,0.9743325372145027,216.38429167177046,240.985880736567
No_Pretrain,12,geopotential@1000hPa,0.22449656535402682,0.25541446487031744,0.14393570909954628,0.1675666552898812,0.9629042619378915,0.9569246926664927,239.26313904539163,272.214706952254
No_Pretrain,13,temperature@50hPa,0.1628186329525258,0.22627082468000417,0.12021055142919591,0.16851075558989453,0.9710481867878603,0.9504635624688592,1.68184596610433,2.3372796070275697
No_Pretrain,14,temperature@100hPa,0.12948189439808816,0.16737169643314717,0.09826597115578731,0.12796331126512162,0.9893902713938677,0.9838874485211407,1.6346480465352995,2.11298898248714
No_Pretrain,15,temperature@150hPa,0.1630284242226146,0.20592469756484044,0.12103104692793057,0.15251126104231774,0.9791378841762974,0.968669896409221,1.4536345617347834,1.8361169881642978
No_Pretrain,16,temperature@200hPa,0.2216293668331835,0.27755639284601147,0.15618962291571342,0.19807353214166054,0.9503861149211098,0.9299467545257193,1.576093309065566,1.973812334526138
No_Pretrain,17,temperature@250hPa,0.17988060770705255,0.1981940385749059,0.12566465573216873,0.13921180616034956,0.9810163883945695,0.978114051990989,1.5209291176687254,1.6757730929169499
No_Pretrain,18,temperature@300hPa,0.13548093109308398,0.15169086966619386,0.09575322265314627,0.10857548663611669,0.9901301747815798,0.9882068302269509,1.4472110769029496,1.6203660918604645
No_Pretrain,19,temperature@400hPa,0.11540988018461604,0.1243568976172122,0.08242264679204835,0.08853261622964363,0.9925908234120696,0.9915490945919675,1.4674907936709618,1.5812563091482201
No_Pretrain,20,temperature@500hPa,0.10681169358394905,0.11451742943319834,0.07378591954788309,0.07978687458973882,0.9931193078173436,0.9925068009326814,1.4010010642259672,1.5020737428483446
No_Pretrain,21,temperature@600hPa,0.10492762759858297,0.11206857673451906,0.07269032267901591,0.07815053112898016,0.993098534342582,0.992402904951708,1.4161960558652675,1.5125766216890146
No_Pretrain,22,temperature@700hPa,0.10045621507802303,0.1078061990641705,0.06941060022774878,0.07433477537307245,0.9932905180758625,0.9924730330122823,1.4968058972842766,1.606321265018978
No_Pretrain,23,temperature@850hPa,0.11340677393339625,0.13067159276324342,0.07908950926770789,0.09118102646258941,0.991716210855095,0.9893416784286392,1.7787187757934586,2.0495073444901815
No_Pretrain,24,temperature@925hPa,0.11506291160806154,0.13637495006607214,0.0783908790939338,0.09164023217520055,0.99173091626815,0.988483554394666,1.8611493112712412,2.2058727660910398
No_Pretrain,25,temperature@1000hPa,0.11262811621558111,0.14362015519122492,0.07771497924258218,0.09755564726230065,0.9920797517490705,0.9870017321362959,1.9448951429033907,2.4800747035546697
No_Pretrain,26,specific_humidity@50hPa,0.09431039584367348,0.25386593034924126,0.056026612317547526,0.21884594008113872,0.9347534704204471,0.5749537315096244,9.431039630674426e-08,2.538659283917959e-07
No_Pretrain,27,specific_humidity@100hPa,0.2579325685486657,0.4415804354941043,0.1720841707233363,0.3284960879482777,0.9156467295450231,0.7553118459656866,2.5793256759586807e-07,4.41580434474572e-07
No_Pretrain,28,specific_humidity@150hPa,0.45806431460057434,0.5709269510853523,0.2919205090283648,0.38173469123235576,0.9230550913944225,0.8836759647036126,1.6944538705703016e-06,2.111950995082308e-06
No_Pretrain,29,specific_humidity@200hPa,0.463350955409261,0.5445597212052838,0.29833670786190475,0.3537731477412531,0.91953101746861,0.8925891382118998,1.0257791433679731e-05,1.205561351459865e-05
No_Pretrain,30,specific_humidity@250hPa,0.49653935130372556,0.5814433093046488,0.31271964520054124,0.3659576936277395,0.9057786674342284,0.8785490844930913,3.593196610104034e-05,4.2076022912300334e-05
No_Pretrain,31,specific_humidity@300hPa,0.5045920622917693,0.611347800963123,0.32437526533255995,0.3952432386028402,0.903197708386171,0.8672703534961781,8.271844045014629e-05,0.00010021904870310192
No_Pretrain,32,specific_humidity@400hPa,0.49573809271293534,0.6136326210079045,0.32470248085832537,0.4040453039310678,0.9113221499738676,0.8729325199963589,0.000246001106239292,0.00030450414359647915
No_Pretrain,33,specific_humidity@500hPa,0.4453304476834982,0.5547645009799269,0.3004136567900366,0.37032395474285446,0.9238677938814084,0.8911558081731868,0.00047082009713031095,0.0005865178908882357
No_Pretrain,34,specific_humidity@600hPa,0.39419528102276324,0.4962292117169919,0.2761610232617311,0.34377914862937925,0.9348984760094429,0.9056015829626353,0.0006856289225583413,0.0008630978501498077
No_Pretrain,35,specific_humidity@700hPa,0.36761439159551174,0.45762565975660807,0.2627221615874624,0.3249026778813452,0.9420420259080936,0.9168398987113914,0.0009229794454292762,0.0011489731871006691
No_Pretrain,36,specific_humidity@850hPa,0.28476258352657796,0.34823831724572735,0.20389528627774128,0.2480467189048883,0.962712511850134,0.9470291077864857,0.0011595249459016434,0.001417991818936691
No_Pretrain,37,specific_humidity@925hPa,0.19852239991341,0.23722278460548119,0.1388929043881278,0.16258032685242743,0.9815561458040162,0.9743455886481751,0.0010038568678728845,0.0011995508798332897
No_Pretrain,38,specific_humidity@1000hPa,0.15556975965856165,0.21826509914426168,0.11063500667736963,0.15202235689264523,0.9883591319765769,0.9777873069744011,0.0009188537211595834,0.0012891560648660193
No_Pretrain,39,u_component_of_wind@50hPa,0.2184168764430807,0.3110613671216203,0.16557710342248153,0.23103885942376917,0.9776039199453876,0.9574459315771217,3.2751547995546564,4.664356300043063
No_Pretrain,40,u_component_of_wind@100hPa,0.26556848274984973,0.35112552943273256,0.20355381370445003,0.2630875972087059,0.9701271699791024,0.95084034755718,3.5477402712812713,4.690700398991892
No_Pretrain,41,u_component_of_wind@150hPa,0.25815821399147837,0.32620327292356066,0.19680255721994866,0.24658207185512004,0.9693308551391934,0.9564262310790147,4.117077347019392,5.202252150426619
No_Pretrain,42,u_component_of_wind@200hPa,0.2629905545273453,0.3055691627731162,0.19840776583015557,0.2323168620517489,0.9658551171402938,0.95787508364545,4.632990367746571,5.383079181072492
No_Pretrain,43,u_component_of_wind@250hPa,0.27297326774073255,0.3077777101067101,0.2036416388927507,0.23184949112078074,0.959190949262901,0.9534767246850179,4.88612716886217,5.509114674412208
No_Pretrain,44,u_component_of_wind@300hPa,0.2851077845816764,0.32704984874110843,0.21234238635598943,0.2458625130346978,0.9528173191378614,0.9436337716274508,4.856029018298524,5.570397067946716
No_Pretrain,45,u_component_of_wind@400hPa,0.2867817740208681,0.3328800660877441,0.2130796838398866,0.24969697823167733,0.9509731003737548,0.9402718535582951,4.089484432921189,4.746842179134433
No_Pretrain,46,u_component_of_wind@500hPa,0.28379637997554996,0.3272934873930324,0.21182307571639125,0.2471271540431844,0.95288219780411,0.943899306517261,3.3814417387658664,3.8997110088700357
No_Pretrain,47,u_component_of_wind@600hPa,0.2901284602131717,0.337761450827223,0.21830686410782654,0.2572333256851861,0.9523201356903961,0.9415026788665676,2.977970352208418,3.4668903876263997
No_Pretrain,48,u_component_of_wind@700hPa,0.30218980096735204,0.3582613740876582,0.2280238854345719,0.27295049207371413,0.9495800783190566,0.9355096438873115,2.742444436705257,3.2513072750539456
No_Pretrain,49,u_component_of_wind@850hPa,0.3202473335151214,0.37175731717441124,0.23612808939871802,0.2775053261821603,0.9439419485738539,0.930696382242294,2.5776740610425843,2.9922784094358414
No_Pretrain,50,u_component_of_wind@925hPa,0.32196091456230097,0.37277961263494297,0.22914659460806952,0.2704342121289761,0.9420307378082311,0.9290321646566305,2.506398305660046,2.902011244922905
No_Pretrain,51,u_component_of_wind@1000hPa,0.32703395040385463,0.39385412770166384,0.23552795320132888,0.2879482520055191,0.940400025889837,0.9204105546591221,1.9700192146840358,2.3725371362441723
No_Pretrain,52,v_component_of_wind@50hPa,0.3659139570481295,0.3881239678397244,0.27877567700085387,0.2943492429887841,0.8815421139737459,0.8701463637367132,2.6647676192769665,2.826511953770109
No_Pretrain,53,v_component_of_wind@100hPa,0.4223980664673668,0.4956268132644608,0.3239077060831667,0.3787111928659432,0.89267255210994,0.8559855969013944,3.1957481625330866,3.7497767765729364
No_Pretrain,54,v_component_of_wind@150hPa,0.404377944815609,0.4842608955229869,0.3075553549636964,0.3676088156460052,0.9109842820655345,0.8812196925354203,3.8818876497195784,4.64873615377417
No_Pretrain,55,v_component_of_wind@200hPa,0.3751620997978052,0.44134038020011823,0.28093602091801556,0.33248238684515125,0.920188981492174,0.899249741122506,4.448359388217737,5.233046344158502
No_Pretrain,56,v_component_of_wind@250hPa,0.3648288369759009,0.41326842979768996,0.2687119752141437,0.30625033957241043,0.9158692217689952,0.9031982620365409,4.867781895619257,5.514094185471217
No_Pretrain,57,v_component_of_wind@300hPa,0.36627520136381864,0.4167135613346041,0.2676531731244018,0.30645839425661875,0.9078099551496089,0.8911809480075785,4.873559955325187,5.544679274818248
No_Pretrain,58,v_component_of_wind@400hPa,0.371823168146056,0.4196159173085098,0.270296098597091,0.305988417384829,0.9019964813488011,0.8848184466169771,4.16319889326027,4.698320724674987
No_Pretrain,59,v_component_of_wind@500hPa,0.374448965849691,0.4188891860580055,0.2739717878358682,0.30848408128928495,0.901797781780545,0.8878402802785706,3.4294543055279956,3.8364676228547663
No_Pretrain,60,v_component_of_wind@600hPa,0.384107327869171,0.4342512903768413,0.28366571945939006,0.3234488063741248,0.8984219826170425,0.8809407344226349,2.9854377674785817,3.3751769979970465
No_Pretrain,61,v_component_of_wind@700hPa,0.3997070888234192,0.4564363916138429,0.2958732711547397,0.34051470810178047,0.891506232362796,0.8697747431872945,2.7240793233188603,3.1107002523505045
No_Pretrain,62,v_component_of_wind@850hPa,0.41431604563414537,0.4707569206696402,0.29926034415242103,0.3432284136703951,0.883107836064791,0.860948879079531,2.556828863767568,2.9051370021026703
No_Pretrain,63,v_component_of_wind@925hPa,0.4040171980426477,0.4587035033405297,0.2824985693570212,0.32443914489541437,0.8924901331589286,0.8728566067328661,2.569120596380266,2.9168674574607008
No_Pretrain,64,v_component_of_wind@1000hPa,0.3881677268916803,0.4632999026189947,0.276745880698136,0.3355868186335322,0.9052617649595464,0.8753327532650071,2.0209325466667156,2.412096083190757
No_Pretrain,65,2m_temperature,0.10728699796491495,0.13519762259505122,0.0717849486149263,0.08514886765695746,0.99209241325401,0.9869465507518743,2.295292817121502,2.8924113698487366
No_Pretrain,66,10m_u_component_of_wind,0.3253423988900967,0.37659384667775075,0.23308374816653094,0.27224716703393753,0.9399441221003192,0.9260873097631627,1.7673147303100925,2.045721228125281
No_Pretrain,67,10m_v_component_of_wind,0.3864526575055445,0.4433784561848176,0.27619869793289625,0.31935426843851555,0.9034367187086187,0.8832692292062561,1.8049086257231417,2.070777842353699
No_Pretrain,68,mean_sea_level_pressure,0.17507476525749074,0.20674785617220465,0.12294740024472296,0.14600336878025413,0.9783049823689284,0.9719989820274271,231.66257564598385,273.57306631805784
No_Pretrain,69,surface_pressure,0.05724048060520288,0.15552025076756165,0.04184890583000109,0.09307064921628463,0.9967902008307437,0.9763591553639536,549.4720014678412,1492.8949170098326
No_Pretrain,70,total_precipitation_6hr,0.8499117893174262,1.001471685960164,0.3316949159840152,0.42567604516836843,0.689065563322997,0.576800869638061,0.0014177264934782257,0.0016705415380779331
OLD_Full,0,geopotential@50hPa,0.10311438137939624,0.09637395639186636,0.057650830019284165,0.06549598589900042,0.9861907039178088,0.991669887913115,593.6909200902131,554.8822806915574
OLD_Full,1,geopotential@100hPa,0.09913422389733469,0.08552482409207092,0.058345613009653796,0.05809239941177181,0.9900369060295843,0.9948922294988586,540.3066437021147,466.1319681089901
OLD_Full,2,geopotential@150hPa,0.07216227396706848,0.0752751972924281,0.047156844490306694,0.050542654328558374,0.9964968176500861,0.9963839463332472,418.5676174147739,436.6237080101176
OLD_Full,3,geopotential@200hPa,0.06909783163131843,0.07324225432377811,0.0458634292143777,0.04907837345658791,0.9969362523071114,0.9966549238740754,401.9741735748166,426.0842055156223
OLD_Full,4,geopotential@250hPa,0.06235507559864871,0.06743382457635896,0.038747133678716204,0.042156257729156335,0.9972669010297815,0.9970295546152639,345.7861739046749,373.95005909830724
OLD_Full,5,geopotential@300hPa,0.07466820030741171,0.07674786238502004,0.049073656867938555,0.05088951475635214,0.9963896318752312,0.9962263539419085,381.2106565512731,391.8281525575658
OLD_Full,6,geopotential@400hPa,0.07783045640195645,0.0801667909729432,0.05136156676512935,0.05314923315228131,0.996028859620633,0.9958234794827321,324.09434439189897,333.8230934347269
OLD_Full,7,geopotential@500hPa,0.08378594813888615,0.07688179000298374,0.049428796259749726,0.048892198138548386,0.9944060136452754,0.9960310073365688,281.8423883182332,258.6179152199441
OLD_Full,8,geopotential@600hPa,0.09855755443774214,0.08727598930094309,0.0580661762098055,0.05692617345127904,0.9917226533563531,0.9950375517068608,266.3586731540208,235.8694567512043
OLD_Full,9,geopotential@700hPa,0.11987651878477838,0.10572227713202147,0.0708833559282152,0.06950963971167505,0.9878309906654982,0.9927714439719273,256.2347148565309,225.98018174562034
OLD_Full,10,geopotential@850hPa,0.1673177568786113,0.15319960822970125,0.1010198695580303,0.1004838955121045,0.9784710759216714,0.9845327757010287,245.195348448362,224.50594897771043
OLD_Full,11,geopotential@925hPa,0.20402157786902206,0.19717906747932318,0.1248242077464945,0.12831420170166172,0.9696923287812015,0.9743200752480691,249.40878223488284,241.0440701798466
OLD_Full,12,geopotential@1000hPa,0.21735566380606058,0.2554069877528851,0.1449801293544502,0.16756436195542573,0.9667073866371673,0.9569251508641862,231.65253244799413,272.20673812005435
OLD_Full,13,temperature@50hPa,0.19592902272413953,0.22621441518508023,0.13324980845230797,0.16850453564427229,0.9559335627003015,0.9504898725936357,2.0238619554471624,2.3366969271259785
OLD_Full,14,temperature@100hPa,0.21513072723152904,0.16741429548726425,0.13268791027227406,0.1279683118572649,0.9599362876967101,0.9838768448182688,2.7159242702086317,2.1135267792050447
OLD_Full,15,temperature@150hPa,0.2792694628152026,0.20583609585647566,0.1617741068779526,0.15249587497201303,0.9392338581830518,0.9686985115979367,2.4900918047285954,1.8353269756901054
OLD_Full,16,temperature@200hPa,0.30872404618109367,0.27753183735295905,0.19119252892313554,0.198068370308108,0.9187025957834879,0.9299585310951859,2.1954577126745733,1.9736377126235645
OLD_Full,17,temperature@250hPa,0.18835019009609227,0.19824662758635755,0.13081680853025426,0.13922131696212575,0.9792088916415356,0.9781009335296902,1.5925412605887699,1.6762177438419408
OLD_Full,18,temperature@300hPa,0.15227196702066045,0.15168779284752115,0.1046068180946552,0.1085734278396643,0.9861417737219706,0.9882068736057263,1.6265733882005813,1.6203332266338746
OLD_Full,19,temperature@400hPa,0.13215175855535907,0.12436132438304756,0.08996820353810482,0.088533792304286,0.9888162945372007,0.9915464741640052,1.6803716344774526,1.5813125971613116
OLD_Full,20,temperature@500hPa,0.11607957002990633,0.11456981692500978,0.07901344282834609,0.07979191568643432,0.9916953605140147,0.9924953963000553,1.5225636524332076,1.5027608847490252
OLD_Full,21,temperature@600hPa,0.11064322819465813,0.11212944381434498,0.07764142536162909,0.07815825512514642,0.99251469191322,0.9923920185298332,1.4933388510973145,1.5133981351834545
OLD_Full,22,temperature@700hPa,0.10950642081238779,0.10777372063712859,0.07498325469679691,0.07433225504666746,0.9921424647535152,0.9924818111333645,1.6316547164327802,1.605837341830486
OLD_Full,23,temperature@850hPa,0.13850425370542674,0.13064224600469007,0.09054584361816047,0.09117706284246876,0.9865827622907163,0.9893483156622828,2.172358048715315,2.0490470578634916
OLD_Full,24,temperature@925hPa,0.1554374462257192,0.13639480699836398,0.09320707470708439,0.09164311704257555,0.9818124047264422,0.9884777302092153,2.5142097700206008,2.2061939534391035
OLD_Full,25,temperature@1000hPa,0.17377307308433737,0.14367528563838455,0.09956248214470562,0.09756352240148095,0.977206817479689,0.986988276404769,3.0007640679278484,2.481026703920274
OLD_Full,26,specific_humidity@50hPa,0.11634671938979269,0.25391723116672216,0.07648563204213255,0.2188534987854405,0.9029648719426192,0.574879990193028,1.1634671875666389e-07,2.53917229963298e-07
OLD_Full,27,specific_humidity@100hPa,0.28082532156175727,0.44156108478567296,0.18883458737646444,0.32848926875722534,0.9011012883367795,0.755333712900672,2.808253223338039e-07,4.4156108375017394e-07
OLD_Full,28,specific_humidity@150hPa,0.4799620086253714,0.5709292533945238,0.3098654534210522,0.3817374448760787,0.916054162049155,0.8836747118603655,1.7754569834001387e-06,2.1119595088873195e-06
OLD_Full,29,specific_humidity@200hPa,0.49537604663115753,0.544546616107224,0.31697755430805974,0.3537673940973526,0.9088117780348626,0.8925944788234709,1.096677173191477e-05,1.2055323403755201e-05
OLD_Full,30,specific_humidity@250hPa,0.534801540336001,0.5814302646610379,0.3344357194309814,0.36595384491847865,0.8927856637500972,0.8785547420266636,3.870080133485603e-05,4.207507890255371e-05
OLD_Full,31,specific_humidity@300hPa,0.5409099061136077,0.6113262480395565,0.34801601379098995,0.3952371032174064,0.8905627699474047,0.8672801046532678,8.867207218633733e-05,0.00010021551533995772
OLD_Full,32,specific_humidity@400hPa,0.5289872571923419,0.613644588367491,0.3483582293176432,0.4040492909106631,0.9008326722542155,0.8729282354014776,0.0002625004049688715,0.00030451008213333873
OLD_Full,33,specific_humidity@500hPa,0.4897298428945965,0.5547451053215373,0.32293461462215667,0.3703201792747018,0.9100306276217098,0.8911627288126592,0.000517760806881131,0.0005864973850289544
OLD_Full,34,specific_humidity@600hPa,0.42409185493569274,0.49628284100685005,0.2944176421938384,0.3437956507388119,0.926844353715088,0.9055809446538079,0.0007376284180867373,0.0008631911279093039
OLD_Full,35,specific_humidity@700hPa,0.40124675475758476,0.45761829533081627,0.28180034844568164,0.3249008492950122,0.9317212697409382,0.9168415211482576,0.0010074211367186346,0.0011489546976144024
OLD_Full,36,specific_humidity@850hPa,0.3088086459031214,0.34821845830586706,0.21834971725825061,0.2480438995661108,0.9568860072619205,0.9470351403416776,0.0012574381179066595,0.001417910956778001
OLD_Full,37,specific_humidity@925hPa,0.21017422179615905,0.2372211654353183,0.1450893375062122,0.162580031557596,0.9794333747009017,0.9743458217532228,0.0010627759643870964,0.0011995426902555544
OLD_Full,38,specific_humidity@1000hPa,0.18995854779056667,0.21823647010463249,0.13075973007011793,0.1520150083681295,0.9810733287422645,0.9777932250601382,0.0011219668910371701,0.0012889869704145302
OLD_Full,39,u_component_of_wind@50hPa,0.23755902436173246,0.31107025948199624,0.1719279841712205,0.23103906427692916,0.9709122422795019,0.9574446041973043,3.5621907687316736,4.664489643253673
OLD_Full,40,u_component_of_wind@100hPa,0.2850277652720628,0.35112607701603904,0.2136273654214613,0.26308735617887735,0.9649660533409451,0.9508394100189151,3.8076976486017027,4.690707712905154
OLD_Full,41,u_component_of_wind@150hPa,0.2829786454808624,0.3262339128636466,0.2115050859069371,0.2465875389709278,0.9631761744917816,0.9564183476543572,4.512910709408695,5.2027407959326535
OLD_Full,42,u_component_of_wind@200hPa,0.28695589032491553,0.3055842240583875,0.21157664224763734,0.23232359235472916,0.959728115439137,0.9578710807161942,5.055177287163587,5.383344514764455
OLD_Full,43,u_component_of_wind@250hPa,0.3044081801827213,0.3078197830732753,0.2202537400460895,0.23186075859943825,0.9500767301204517,0.9534636218459036,5.4488012296670645,5.509867777788921
OLD_Full,44,u_component_of_wind@300hPa,0.32925241950546885,0.32707574647637583,0.23311077080628959,0.24586813728597393,0.937719423685763,0.9436270940498194,5.607911772854374,5.570838164138462
OLD_Full,45,u_component_of_wind@400hPa,0.32492459455911027,0.33288399048598555,0.2337167226805784,0.2496988345608543,0.9381197127890134,0.940268828103037,4.633397887862276,4.746898127092611
OLD_Full,46,u_component_of_wind@500hPa,0.3062519128275624,0.32728132124964493,0.22650433596237837,0.24712667819792428,0.946756773917945,0.9439014200275011,3.6490000392804993,3.8995660514343413
OLD_Full,47,u_component_of_wind@600hPa,0.3050628612251302,0.3377212665084668,0.22918208558449868,0.25722250087134724,0.9484411776907938,0.9415159476272508,3.131261774687857,3.4664779225966593
OLD_Full,48,u_component_of_wind@700hPa,0.3263166118048167,0.3582955447092565,0.24286099132860792,0.27295696126104674,0.9420136651065697,0.9354986337378755,2.961400999916639,3.251617381070255
OLD_Full,49,u_component_of_wind@850hPa,0.35595820636170983,0.3718035568251816,0.2548183526192707,0.2775176455584905,0.9313756224274211,0.9306826340593134,2.8651112465773476,2.9926505977078808
OLD_Full,50,u_component_of_wind@925hPa,0.35332072399033393,0.3727857589730544,0.2470086023235098,0.27043577993257556,0.9311151486019408,0.92902846824159,2.7505278414290983,2.902059094626465
OLD_Full,51,u_component_of_wind@1000hPa,0.34724286251594505,0.3938238876605237,0.25006483768971444,0.28794159549850384,0.9339230378379355,0.9204203202861011,2.0917556309189895,2.372354980717462
OLD_Full,52,v_component_of_wind@50hPa,0.3759252064217647,0.38812433767338095,0.28669550146899464,0.2943469272381106,0.8750228089372961,0.8701451389159942,2.737674525890606,2.8265146391827325
OLD_Full,53,v_component_of_wind@100hPa,0.5121128514528355,0.4956326318376521,0.36027554947254864,0.3787148143058261,0.8597069370596458,0.85598269794864,3.874505662550446,3.7498208008397054
OLD_Full,54,v_component_of_wind@150hPa,0.42901071159641835,0.4842680349935496,0.32267348987488287,0.3676085508683022,0.9008094927742014,0.8812164393646348,4.118353650908339,4.648804698538433
OLD_Full,55,v_component_of_wind@200hPa,0.41386682123910595,0.4413506480718177,0.3015281591863969,0.33248489701767536,0.9046225229356948,0.8992445299141388,4.907287751268181,5.2331680884683776
OLD_Full,56,v_component_of_wind@250hPa,0.3987398311035731,0.41330412466095834,0.2891742674291199,0.3062594614195139,0.9027563899165878,0.9031848933296014,5.320244279631939,5.514570460600329
OLD_Full,57,v_component_of_wind@300hPa,0.40301017238512177,0.41671080057076343,0.28811524184302684,0.30645767138907576,0.8923356710709993,0.8911799307030416,5.36234564048234,5.5446425377730995
OLD_Full,58,v_component_of_wind@400hPa,0.40306668562021214,0.4196339298075255,0.2892070338363266,0.30599147065126703,0.888316726638151,0.8848122637667757,4.51302372853927,4.698522405444572
OLD_Full,59,v_component_of_wind@500hPa,0.39426950304558583,0.418874075366815,0.28763915632990494,0.3084810093796558,0.8940264542826505,0.8878475437352338,3.610984064633608,3.8363292331625347
OLD_Full,60,v_component_of_wind@600hPa,0.40361457731502504,0.4342701286320276,0.2975825851199281,0.3234536327412078,0.8905906857503237,0.8809335517885127,3.137056022470102,3.375323426705095
OLD_Full,61,v_component_of_wind@700hPa,0.4179632011369269,0.45643030668558854,0.30938916982402426,0.3405157483474586,0.8837439026149322,0.869778419238311,2.8484981514622727,3.110658782166781
OLD_Full,62,v_component_of_wind@850hPa,0.4439641968020996,0.47075334664937146,0.31838451876952095,0.3432269998950655,0.869220763526675,0.8609507508921884,2.73979366246594,2.9051149436586736
OLD_Full,63,v_component_of_wind@925hPa,0.4340852060463938,0.45870079106742,0.3006757244610919,0.32443722353701104,0.878998127116485,0.8728563875312432,2.7603212190112125,2.91685020775476
OLD_Full,64,v_component_of_wind@1000hPa,0.42150473111476183,0.4633049312081002,0.298170958018552,0.3355876202907521,0.8910526636126469,0.8753301289143817,2.1944962587163266,2.412122268144057
OLD_Full,65,2m_temperature,0.1525631692878452,0.13520373090124788,0.0878341261572317,0.08514952821407284,0.9803486845934802,0.9869447287262781,3.263929024939481,2.8925420501177146
OLD_Full,66,10m_u_component_of_wind,0.35048681278584787,0.37660278523937757,0.24911722658828003,0.2722496370348235,0.9314524027133313,0.9260841781517117,1.9039034208710603,2.045769783286395
OLD_Full,67,10m_v_component_of_wind,0.4138058968011341,0.4433979873684091,0.29411517838959406,0.3193627251231915,0.891874250535244,0.883261095627302,1.932660628400154,2.070869065946458
OLD_Full,68,mean_sea_level_pressure,0.21837144966918037,0.20670223015581565,0.14185932762354533,0.14599902391797137,0.961061627372472,0.9720123791651845,288.95365007939296,273.512692271756
OLD_Full,69,surface_pressure,0.11470946064439039,0.15548016569937123,0.07071920429461889,0.09306444031231428,0.9765938011402756,0.9763742107561736,1101.1374515627042,1492.5101259728904
OLD_Full,70,total_precipitation_6hr,0.8908600919938972,1.0014706626624281,0.36416090858391115,0.42567728183338205,0.6603007215945857,0.5768019593882079,0.001486031811824315,0.0016705398298896455
Smart_Final,0,geopotential@50hPa,0.0813872638992723,0.096322660026082,0.05220398485338373,0.06549149871592802,0.9939373798086165,0.9916848632339608,468.5949599033585,554.5869356738491
Smart_Final,1,geopotential@100hPa,0.07503454140391584,0.08553541351538,0.050116632996841486,0.05809468786348674,0.995766067456141,0.9948906515808437,408.9572670284919,466.18968159905614
Smart_Final,2,geopotential@150hPa,0.06834379848036981,0.07532036679950095,0.046219648191219834,0.050548416739197556,0.9969025947003376,0.9963745127820967,396.4190588967258,436.8857082154422
Smart_Final,3,geopotential@200hPa,0.06641238303957003,0.07318975479055413,0.04493641648103375,0.049071839018086205,0.9971696928190394,0.9966606578405788,386.35166996117044,425.7787921110939
Smart_Final,4,geopotential@250hPa,0.06776656699812207,0.06746482490047394,0.043560803014621764,0.0421600143044323,0.9969282242615575,0.9970245065054822,375.79526134599325,374.1219710482667
Smart_Final,5,geopotential@300hPa,0.07384778070675004,0.07678017991212746,0.050380011267589626,0.05089150452860869,0.9965190861721626,0.9962190818620937,377.0220925777666,391.99314549798385
Smart_Final,6,geopotential@400hPa,0.07886733504649188,0.08020315641883204,0.054082450739140385,0.0531545541465298,0.9960078076468436,0.9958185840491695,328.4120172202439,333.97452291409115
Smart_Final,7,geopotential@500hPa,0.08023393359002054,0.07682915822637829,0.053523486975200825,0.04888552035277179,0.9957484761239138,0.9960401242525346,269.89398585335255,258.44087130809015
Smart_Final,8,geopotential@600hPa,0.09116738862753668,0.08733176357350467,0.061693126015721,0.05693279020279886,0.9946873801400755,0.9950297481430235,246.38623289271362,236.02019097822392
Smart_Final,9,geopotential@700hPa,0.10663890966423531,0.10577521699867691,0.07271493959805812,0.06951678047003214,0.9928176393604656,0.9927595689308409,227.9394719927218,226.09333955724995
Smart_Final,10,geopotential@850hPa,0.13784017524038236,0.1531502351332526,0.09256765064763783,0.1004759326500515,0.9872765550967764,0.9845416196400467,201.9975081424147,224.43359493285345
Smart_Final,11,geopotential@925hPa,0.174155367468319,0.1972016311660677,0.11607170950339334,0.12831960240110096,0.9790695407910046,0.9743154694203177,212.89845302645136,241.07165342688842
Smart_Final,12,geopotential@1000hPa,0.21782905704798114,0.2554068549032707,0.1455008234741924,0.16756560516775057,0.966690541347578,0.9569254357318859,232.1570646326598,272.2065962444
Smart_Final,13,temperature@50hPa,0.16870723100323515,0.22617004109945607,0.1241110204585941,0.16849650908464947,0.9691932383780997,0.9505102992707861,1.742672643872351,2.3362385585787706
Smart_Final,14,temperature@100hPa,0.1409432713672399,0.1674530283033114,0.1076942810279962,0.1279740160079317,0.9878137607030777,0.983867241407264,1.7793425392893278,2.1140157551324488
Smart_Final,15,temperature@150hPa,0.17476070867699686,0.2058911838930934,0.130234286708399,0.1525025928461992,0.9764686276618246,0.9686805852785277,1.5582448792913122,1.8358181605972248
Smart_Final,16,temperature@200hPa,0.2334665296391439,0.277589334769048,0.16675832602697796,0.19807767958586547,0.9460704328498949,0.9299354228878616,1.660272008633057,1.9740465970148655
Smart_Final,17,temperature@250hPa,0.18239888078756714,0.19821658351073207,0.1279505063890216,0.13921696644030282,0.9805734310367686,0.978109498954262,1.5422216558823436,1.6759637137827275
Smart_Final,18,temperature@300hPa,0.14041552856595108,0.15171533175758345,0.10124911172962117,0.10857574137091018,0.9898598234082844,0.9882015222259991,1.4999225748694334,1.6206273995050657
Smart_Final,19,temperature@400hPa,0.11890925430444191,0.12445870153454597,0.08493724196935663,0.08854554988802545,0.9922122491702147,0.9915272089811727,1.5119869838807403,1.5825507961383838
Smart_Final,20,temperature@500hPa,0.1111828208508719,0.11451517910044422,0.07760124162765357,0.07978822860698252,0.9927043561935415,0.9925082668630026,1.4583351785598961,1.5020442238821416
Smart_Final,21,temperature@600hPa,0.109478358744659,0.11209718432620598,0.07650521446727614,0.07815510853178123,0.9926706925880067,0.992398806689219,1.4776167471638937,1.512962737040162
Smart_Final,22,temperature@700hPa,0.1103548852994331,0.10779790551137136,0.07816806022301163,0.07433239043174612,0.9923197247025147,0.9924740404458618,1.6442969095912814,1.6061976928574777
Smart_Final,23,temperature@850hPa,0.12700813074160158,0.13060180902860424,0.09293013892462168,0.09117017823379023,0.9903907585005797,0.9893567346636561,1.9920480935724227,2.048412827670884
Smart_Final,24,temperature@925hPa,0.12232309145706516,0.13638663602157014,0.08525623512650649,0.09164336450874393,0.9907738984068736,0.9884806995429394,1.9785831421948747,2.2060617869228802
Smart_Final,25,temperature@1000hPa,0.11930724910265411,0.14359365356308154,0.0828610310563605,0.09755303449673948,0.990996387832936,0.9870085830317927,2.060232356177828,2.4796170581042047
Smart_Final,26,specific_humidity@50hPa,0.12028565386060983,0.2538544743352019,0.0822862604741443,0.21884105645282573,0.8984915092581754,0.5749752586238309,1.2028565369287606e-07,2.5385447276930336e-07
Smart_Final,27,specific_humidity@100hPa,0.2729906277226967,0.4415720501160287,0.18517708656814894,0.3284938370048879,0.9072468118010814,0.7553211596146426,2.729906263197577e-07,4.415720485585841e-07
Smart_Final,28,specific_humidity@150hPa,0.47774161595097586,0.5709394024725244,0.31352909860348294,0.38173881626034273,0.9169119638112907,0.8836700813061742,1.7672433858016198e-06,2.111997059659762e-06
Smart_Final,29,specific_humidity@200hPa,0.484941743864491,0.544578638612737,0.3111266537620273,0.35377509972775617,0.9129684250995208,0.8925819837011529,1.073577423532485e-05,1.2056032326465045e-05
Smart_Final,30,specific_humidity@250hPa,0.5135734834593146,0.5814424116151341,0.32551764751158674,0.3659579268895718,0.9005937677749267,0.878549859667055,3.7164637524379986e-05,4.2075957962200376e-05
Smart_Final,31,specific_humidity@300hPa,0.524498797459635,0.6113262855456784,0.3406204269805683,0.3952395630089258,0.8971602849801846,0.8672802528958337,8.59817773378062e-05,0.00010021552160356702
Smart_Final,32,specific_humidity@400hPa,0.5150166030051075,0.613647438861695,0.34159940380850207,0.4040501192010132,0.9059373815363726,0.8729268071551218,0.00025556771971262647,0.0003045114959341189
Smart_Final,33,specific_humidity@500hPa,0.4669237119141603,0.5547503326745832,0.3194710298569819,0.3703215455542825,0.9180380418977703,0.8911605026567496,0.0004936493085467382,0.0005865029119660908
Smart_Final,34,specific_humidity@600hPa,0.4246110660130873,0.4962726235903687,0.301715582738216,0.3437929663412275,0.9268869715659481,0.9055845234133153,0.0007385314857711504,0.0008631733566996021
Smart_Final,35,specific_humidity@700hPa,0.4117428918270363,0.45763404518083645,0.2980926865779499,0.32490658984429027,0.9306967259836022,0.916837079042934,0.0010337740703059736,0.0011489942436452524
Smart_Final,36,specific_humidity@850hPa,0.3229438234543005,0.3482470000384149,0.2349669095563755,0.24804822722783026,0.9535369887314009,0.9470260750533226,0.0013149951582230952,0.0014180271744993667
Smart_Final,37,specific_humidity@925hPa,0.23545666769222678,0.2371894776557382,0.16791404463499562,0.1625746130472509,0.9743655139475773,0.974353601407755,0.001190620265640523,0.0011993824595332464
Smart_Final,38,specific_humidity@1000hPa,0.19155891487125115,0.21821323585206603,0.13846621811592622,0.1520114216622873,0.9828909749101832,0.9777988516443038,0.0011314192604466957,0.0012888497386750488
Smart_Final,39,u_component_of_wind@50hPa,0.22851552065779893,0.3110230565162759,0.17282511594733246,0.2310309300750717,0.9759157983499713,0.9574573340669417,3.4265837072624925,4.663781830333377
Smart_Final,40,u_component_of_wind@100hPa,0.27908240862433054,0.351111315022967,0.2133758539025437,0.2630856902765815,0.9672051472105068,0.9508432976755613,3.728273379558558,4.690510519834929
Smart_Final,41,u_component_of_wind@150hPa,0.27315822993591443,0.32618275296133203,0.2078441223478063,0.2465753441044814,0.9664638699378602,0.9564319803867479,4.356295853495146,5.20192490063042
Smart_Final,42,u_component_of_wind@200hPa,0.27503625974304946,0.3055444168841459,0.20752048409531607,0.2323134837501507,0.9634658882119557,0.9578812464499934,4.845194310420687,5.382643251403979
Smart_Final,43,u_component_of_wind@250hPa,0.2878608433655468,0.3078504973045841,0.21565300806557716,0.23186511256137385,0.9560483874841186,0.9534575992003214,5.152609613753716,5.5104175463280365
Smart_Final,44,u_component_of_wind@300hPa,0.297283706112081,0.3270462366528549,0.2217493724124804,0.24586330881043478,0.9498777437748541,0.9436357581600567,5.063412431769688,5.570335533083305
Smart_Final,45,u_component_of_wind@400hPa,0.3003498273000208,0.3328866992968477,0.22389208863754317,0.24969602232424487,0.9475522756528901,0.9402683976666854,4.2829637135032215,4.7469367644960325
Smart_Final,46,u_component_of_wind@500hPa,0.2984695575057504,0.32726378814936596,0.2238967081539814,0.2471229067247411,0.9492822199617719,0.9439067722527573,3.5562730449750926,3.8993571437441314
Smart_Final,47,u_component_of_wind@600hPa,0.3036320438196169,0.3377334808437031,0.2293658912475189,0.2572292670180819,0.9488335477628238,0.9415109735320216,3.116575421604188,3.4666033030539642
Smart_Final,48,u_component_of_wind@700hPa,0.31807600172811196,0.3582871366178846,0.24099400457166556,0.272954957117997,0.9452868094666139,0.935500796816527,2.8866154894212968,3.2515410728315635
Smart_Final,49,u_component_of_wind@850hPa,0.33280231035423696,0.3717918512845655,0.246592589722133,0.2775130892957366,0.9404340149936563,0.9306835436549074,2.6787291994036084,2.99255637691731
Smart_Final,50,u_component_of_wind@925hPa,0.3332387759735388,0.3727836902220119,0.23881804864647768,0.2704347017346868,0.938862876505093,0.9290279245679758,2.5941940805968335,2.9020429900675873
Smart_Final,51,u_component_of_wind@1000hPa,0.34672601265560843,0.3938347733446442,0.2530675623255197,0.28794537562745437,0.9344875080900514,0.9204146684717023,2.0886421830847195,2.372420550285977
Smart_Final,52,v_component_of_wind@50hPa,0.3743373604856385,0.3881368178207649,0.28557068406129665,0.2943517187601816,0.8760546128214719,0.8701377825387016,2.726111039147377,2.826605531030077
Smart_Final,53,v_component_of_wind@100hPa,0.44184453531326645,0.4956316074102887,0.33920982676391664,0.37871246792705293,0.8834231954077728,0.8559824461113397,3.342874816142365,3.7498130433311307
Smart_Final,54,v_component_of_wind@150hPa,0.4241735304899047,0.4842999072383174,0.3221690747011363,0.3676183702814749,0.9040787233284144,0.8812019488671932,4.071918423379065,4.6491106654554795
Smart_Final,55,v_component_of_wind@200hPa,0.3948965417435907,0.4413392611574658,0.2960070148557825,0.33248408848023014,0.914028939623315,0.8992460632572729,4.682353990611188,5.233033086928299
Smart_Final,56,v_component_of_wind@250hPa,0.3854967708663525,0.4133032577267036,0.28571481679158495,0.30625776178191977,0.9095016818347486,0.9031868444190442,5.143546808928715,5.51455888441121
Smart_Final,57,v_component_of_wind@300hPa,0.38423539367881354,0.4167185679759406,0.2820758286720917,0.306458572032763,0.9015087673377907,0.8911797020190849,5.112533451021788,5.544745891961578
Smart_Final,58,v_component_of_wind@400hPa,0.388074930090448,0.41959969191828755,0.28300368476015003,0.30598379853421903,0.8959476483692087,0.8848250204523141,4.345165276378014,4.698139046653084
Smart_Final,59,v_component_of_wind@500hPa,0.3919700573905796,0.41886619050699814,0.28833873031523155,0.3084797596200198,0.8951916439497897,0.887847725317851,3.5899242002536744,3.8362570105286173
Smart_Final,60,v_component_of_wind@600hPa,0.4006892963547556,0.43427556419629154,0.2972669723173469,0.32345598666603453,0.8916347562681578,0.8809262986163713,3.1143195503020054,3.375365673942201
Smart_Final,61,v_component_of_wind@700hPa,0.41677378876664944,0.456402885707841,0.30997835825129,0.34050562797991435,0.8841254675208902,0.8697926931759061,2.8403921034285893,3.1104718970663154
Smart_Final,62,v_component_of_wind@850hPa,0.42947174479271893,0.4707418313010862,0.3121096963592333,0.3432267926005352,0.8762373068130208,0.8609528631470068,2.6503577897296346,2.905043882860903
Smart_Final,63,v_component_of_wind@925hPa,0.4199393294451305,0.45870925881249247,0.2962884367116038,0.3244397110713745,0.8860216941198352,0.8728501275879383,2.670368450982401,2.9169040548474423
Smart_Final,64,v_component_of_wind@1000hPa,0.41020297945846246,0.4632982124432126,0.2961355383523289,0.3355857959213314,0.8967046009012615,0.8753307431831827,2.1356555244366238,2.412087287740646
Smart_Final,65,2m_temperature,0.2563958639258456,0.13509983998907799,0.2270320772083792,0.08513496072412284,0.9761757835571586,0.9869728201386483,5.4853206367513305,2.890319409039388
Smart_Final,66,10m_u_component_of_wind,0.34278409047653774,0.3766217070332506,0.24842145980891972,0.2722515313162111,0.9345965525637648,0.9260791940331341,1.8620609299020772,2.0458725744063395
Smart_Final,67,10m_v_component_of_wind,0.405801908810075,0.4433400379787153,0.29335078779911444,0.31934462258457486,0.8956676498861328,0.8832877007793065,1.8952783786326042,2.0705984177682075
Smart_Final,68,mean_sea_level_pressure,0.18879746814632134,0.2067581040489249,0.13337281639404105,0.14600801337622332,0.975225580091468,0.9719955314204479,249.82074160950003,273.58662588075236
Smart_Final,69,surface_pressure,0.08769675480499953,0.15550622628949073,0.06449637116942346,0.09306897371496478,0.9924768268254899,0.9763649002782195,841.8327527870396,1492.7602918932753
Smart_Final,70,total_precipitation_6hr,0.8738741324319569,1.0014682231589536,0.35996819094285365,0.425675357589723,0.6723604780749618,0.576804166509019,0.0014576977632758175,0.0016705357634657686
